AFRAMER 20,118883,Friday,12/13/2019,9:00 AM,John Mugane,,,,,,,,,,,,,,,,,,
AFRIKAAN 101AR,205835,Tuesday,12/10/2019,2:00 PM,John Mugane,,,,,,,,,,,,,,,,,,
AFRIKAAN AA,109427,Friday,12/13/2019,9:00 AM,John Mugane,,,,,,,,,,,,,,,,,,
AFRIKAAN BA,205832,Tuesday,12/10/2019,2:00 PM,John Mugane,,,,,,,,,,,,,,,,,,
AMHARIC 101AR,205845,Tuesday,12/10/2019,2:00 PM,John Mugane,,,,,,,,,,,,,,,,,,
AMHARIC AA,126300,Friday,12/13/2019,9:00 AM,John Mugane,,,,,,,,,,,,,,,,,,
AMHARIC BA,205853,Wednesday,12/18/2019,9:00 AM,John Mugane,,,,,,,,,,,,,,,,,,
ANE 120A,118849,Tuesday,12/10/2019,9:00 AM,Andrew Teeter,,,,,,,,,,,,,,,,,,
ANTHRO 1190,125450,Thursday,12/19/2019,9:00 AM,Matt Liebmann,,,,,,,,,,,,,,,,,,
ANTHRO 1255,212875,Wednesday,12/18/2019,2:00 PM,Christina Warinner,,,,,,,,,,,,,,,,,,
APMTH 101,132127,Tuesday,12/17/2019,9:00 AM,Robert D. Howe,,,,,,,,,,,,,,,,,,
APMTH 22A,211334,Friday,12/13/2019,9:00 AM,Steven Gortler,,,,,,,,,,,,,,,,,,
APPHY 195,131331,Wednesday,12/18/2019,2:00 PM,Julia Mundy,,,,,,,,,,,,,,,,,,
APPHY 284,131392,Friday,12/13/2019,9:00 AM,David R. Nelson,,,,,,,,,,,,,,,,,,
ASTRON 1,113797,Thursday,12/12/2019,9:00 AM,David Charbonneau,,,,,,,,,,,,,,,,,,
ASTRON 110,125881,Thursday,12/12/2019,9:00 AM,John Johnson,,,,,,,,,,,,,,,,,,
ASTRON 17,125884,Wednesday,12/18/2019,2:00 PM,Xingang Chen,,,,,,,,,,,,,,,,,,
ASTRON 2,111305,Tuesday,12/10/2019,9:00 AM,Philip Sadler,,_,,,,,,,,,,,,,,,,
ASTRON 200,124966,Saturday,12/14/2019,9:00 AM,Ramesh Narayan,,,,,,,,,,,,,,,,,,
BCS AA,110073,Wednesday,12/11/2019,2:00 PM,Tatiana Kuzmic,,,,,,,,,,,,,,,,,,
BE 110,150189,Saturday,12/14/2019,9:00 AM,Maurice Smith,,,,,,,,,,,,,,,,,,
CHEM 100R,123022,Thursday,12/19/2019,9:00 AM,Heidi Vollmer-Snarr,,,,,,,,,,,,,,,,,,
CHEM 105,109454,Thursday,12/12/2019,9:00 AM,Eric Jacobsen,,,,,,,,,,,,,,,,,,
CHEM 17,115137,Monday,12/16/2019,2:00 PM,Christina Woo,,,,,,,,,,,,,,,,,,
CHEM 30,118925,Tuesday,12/10/2019,9:00 AM,Andrew Myers,,,,,,,,,,,,,,,,,,
CHNSE 106A,110543,Wednesday,12/11/2019,9:00 AM,David Sena,,,,,,,,,,,,,,,,,,
CHNSE 107A,112899,Wednesday,12/11/2019,2:00 PM,David Sena,,,,,,,,,,,,,,,,,,
CHNSE 120A,113793,Monday,12/16/2019,9:00 AM,Bin Yang,,,,,,,,,,,,,,,,,,
CHNSE 130A,159629,Monday,12/16/2019,9:00 AM,Mo Zhang,,,,,,,,,,,,,,,,,,
CHNSE 130XA,124235,Monday,12/16/2019,9:00 AM,Xueyin Shao,,,,,,,,,,,,,,,,,,
CHNSE 140A,111129,Monday,12/16/2019,9:00 AM,Dan Wang,,,,,,,,,,,,,,,,,,
CHNSE 140XA,207494,Monday,12/16/2019,9:00 AM,Ya Ting Fan,,,,,,,,,,,,,,,,,,
CHNSE BA,113873,Monday,12/16/2019,9:00 AM,Xiaoshi Yu,,,,,,,,,,,,,,,,,,
CHNSE BX,120305,Monday,12/16/2019,9:00 AM,Jie Ying,,,,,,,,,,,,,,,,,,
CLAS-HEB 120A,116431,Wednesday,12/11/2019,2:00 PM,Andrew Teeter,,,,,,,,,,,,,,,,,,
CLAS-HEB 130AR,122692,Thursday,12/19/2019,9:00 AM,Andrew Teeter,,,,,,,,,,,,,,,,,,
CLAS-HEB AA,123023,Wednesday,12/11/2019,9:00 AM,Andrew Teeter,,,,,,,,,,,,,,,,,,
CLS-STDY 152,156310,Tuesday,12/10/2019,9:00 AM,Naomi Weiss,,,,,,,,,,,,,,,,,,
CLS-STDY 97A,116729,Tuesday,12/17/2019,9:00 AM,Paul Kosmin,,,,,,,,,,,,,,,,,,
COMPSCI 121,119064,Tuesday,12/10/2019,9:00 AM,Boaz Barak,,,,,,,,,,,,,,,,,,
COMPSCI 153,131493,Thursday,12/19/2019,9:00 AM,Stephen Chong,,,,,,,,,,,,,,,,,,
COMPSCI 263,160579,Thursday,12/12/2019,9:00 AM,James Mickens,,,,,,,,,,,,,,,,,,
COMPSCI 61,123623,Thursday,12/12/2019,9:00 AM,Eddie Kohler,,,,,,,,,,,,,,,,,,
E-PSCI 142,205567,Saturday,12/14/2019,2:00 PM,Rebecca Fischer,,,,,,,,,,,,,,,,,,
E-PSCI 187,117399,Saturday,12/14/2019,9:00 AM,Ann Pearson,,,,,,,,,,,,,,,,,,
E-PSCI 287,119062,Thursday,12/12/2019,2:00 PM,Ann Pearson,,,,,,,,,,,,,,,,,,
E-PSCI 56,108969,Wednesday,12/11/2019,2:00 PM,David Johnston,,,,,,,,,,,,,,,,,,
ECON 1010A,108901,Wednesday,12/18/2019,9:00 AM,Maxim Boycko,,,,,,,,,,,,,,,,,,
ECON 1010B,112062,Wednesday,12/18/2019,9:00 AM,Thomas Baranga,,,,,,,,,,,,,,,,,,
ECON 1011A,120711,Thursday,12/19/2019,9:00 AM,Edward Glaeser,,,,,,,,,,,,,,,,,,
ECON 1057,203555,Thursday,12/19/2019,2:00 PM,Erez Yoeli,,,,,,,,,,,,,,,,,,
ECON 1088,213522,Wednesday,12/11/2019,2:00 PM,Emily Breza,,,,,,,,,,,,,,,,,,
ECON 10A,113326,Tuesday,12/17/2019,9:00 AM,Jason Furman,,,,,,,,,,,,,,,,,,
ECON 1123,123033,Wednesday,12/11/2019,9:00 AM,James H. Stock,,,,,,,,,,,,,,,,,,
ECON 1342,160351,Saturday,12/14/2019,9:00 AM,Melissa Dell,,,,,,,,,,,,,,,,,,
ECON 1410,117818,Wednesday,12/18/2019,2:00 PM,Stefanie Stantcheva,,,,,,,,,,,,,,,,,,
ECON 1415,107613,,,Consult HKS,,,,,,,,,,,,,,,,,,,
ECON 1420,123003,Thursday,12/19/2019,9:00 AM,Lawrence H. Summers,,,,,,,,,,,,,,,,,,
ECON 1436,211204,Tuesday,12/10/2019,9:00 AM,Benjamin Enke,,,,,,,,,,,,,,,,,,
ECON 1640,116133,Thursday,12/19/2019,9:00 AM,Robin Lee,,,,,,,,,,,,,,,,,,
ECON 1723,111105,Thursday,12/12/2019,2:00 PM,Xavier Gabaix,,,,,,,,,,,,,,,,,,
ECON 1776,125944,Wednesday,12/11/2019,9:00 AM,Benjamin Friedman,,,,,,,,,,,,,,,,,,
ECON 1936,107388,Saturday,12/14/2019,2:00 PM,Stephen Marglin,,,,,,,,,,,,,,,,,,
ECON 2010A,124134,Tuesday,12/10/2019,9:00 AM,Edward Glaeser,,,,,,,,,,,,,,,,,,
ECON 2020A,112942,,,Consult HKS,,,,,,,,,,,,,,,,,,,
ECON 2060,110708,Wednesday,12/18/2019,9:00 AM,Oliver Hart,,,,,,,,,,,,,,,,,,
ECON 2110,120668,Friday,12/13/2019,9:00 AM,Gregory Bruich,,,,,,,,,,,,,,,,,,
ECON 2450A,110660,Saturday,12/14/2019,9:00 AM,Stefanie Stantcheva,,,,,,,,,,,,,,,,,,
ECON 2723,111998,Thursday,12/12/2019,9:00 AM,John Campbell,,,,,,,,,,,,,,,,,,
EGYPTIAN 150,127917,Saturday,12/14/2019,9:00 AM,Peter Manuelian,,,,,,,,,,,,,,,,,,
EGYPTIAN AA,126691,Thursday,12/12/2019,9:00 AM,Peter Manuelian,,,,,,,,,,,,,,,,,,
ENG-SCI 125,144157,Monday,12/16/2019,2:00 PM,Boris Kozinsky,,,,,,,,,,,,,,,,,,
ENG-SCI 153,156518,Thursday,12/12/2019,9:00 AM,Thomas Hayes,,,,,,,,,,,,,,,,,,
ENG-SCI 157,109358,Tuesday,12/10/2019,9:00 AM,Demba Ba,,,,,,,,,,,,,,,,,,
ENG-SCI 181,135598,Tuesday,12/10/2019,9:00 AM,Zhigang Suo,,,,,,,,,,,,,,,,,,
ENG-SCI 51,148434,Wednesday,12/11/2019,2:00 PM,Michelle Rosen,,,,,,,,,,,,,,,,,,
ENG-SCI 53,122339,Friday,12/13/2019,9:00 AM,Linsey Moyer,,,,,,,,,,,,,,,,,,
ENGLISH 102J,207605,Wednesday,12/11/2019,9:00 AM,Daniel Donoghue,,,,,,,,,,,,,,,,,,
ENGLISH 146ET,212754,Thursday,12/12/2019,9:00 AM,James Engell,,,,,,,,,,,,,,,,,,
ENGLISH 170A,130260,Wednesday,12/11/2019,2:00 PM,Louis Menand,,,,,,,,,,,,,,,,,,
EWE AA,214450,Saturday,12/14/2019,9:00 AM,John Mugane,,,,,,,,,,,,,,,,,,
GENED 1018,118517,Thursday,12/12/2019,9:00 AM,Charles Langmuir,,,,,,,,,,,,,,,,,,
GENED 1019,118290,Friday,12/13/2019,9:00 AM,Orlando Patterson,,,,,,,,,,,,,,,,,,
GENED 1043,109501,Wednesday,12/18/2019,9:00 AM,Eric Rentschler,,,,,,,,,,,,,,,,,,
GENED 1069,109861,Thursday,12/12/2019,9:00 AM,Courtney Lamberth,,,,,,,,,,,,,,,,,,
GENED 1079,125932,Friday,12/13/2019,9:00 AM,David Cutler,,,,,,,,,,,,,,,,,,
GENED 1105,112378,Wednesday,12/18/2019,9:00 AM,Rowan Flad,,,,,,,,,,,,,,,,,,
GENED 1116,108405,Tuesday,12/17/2019,2:00 PM,David Shumway Jones,,,,,,,,,,,,,,,,,,
GENED 1120,107821,Tuesday,12/10/2019,9:00 AM,Lawrence H. Summers,,,,,,,,,,,,,,,,,,
GENED 1123,126908,Friday,12/13/2019,9:00 AM,Malika Zeghal,,,,,,,,,,,,,,,,,,
GENED 1129,110382,Saturday,12/14/2019,9:00 AM,Donald Goldmann,,,,,,,,,,,,,,,,,,
GENED 1131,212841,Saturday,12/14/2019,9:00 AM,Kathleen Coleman,,,,,,,,,,,,,,,,,,
GENED 1154,212847,Saturday,12/14/2019,9:00 AM,Jason Mitchell,,,,,,,,,,,,,,,,,,
GERMAN 10A,113802,Monday,12/16/2019,9:00 AM,Lisa Parkes,,,,,,,,,,,,,,,,,,
GERMAN 10AB,124093,Monday,12/16/2019,9:00 AM,Lisa Parkes,,,,,,,,,,,,,,,,,,
GERMAN 143,203214,Tuesday,12/10/2019,9:00 AM,Alison Frank Johnson,,,,,,,,,,,,,,,,,,
GERMAN 61,122031,Tuesday,12/10/2019,9:00 AM,Peter Burgard,,,,,,,,,,,,,,,,,,
GIKUYU AA,120934,Monday,12/16/2019,9:00 AM,John Mugane,,,,,,,,,,,,,,,,,,
GOV 1060,114754,Thursday,12/19/2019,9:00 AM,Harvey Mansfield,,,,,,,,,,,,,,,,,,
GOV 1074,156108,Wednesday,12/11/2019,2:00 PM,Eric Nelson,,,,,,,,,,,,,,,,,,
GOV 1243,111162,Thursday,12/19/2019,2:00 PM,Timothy Colton,,,,,,,,,,,,,,,,,,
GOV 1263,207164,Wednesday,12/11/2019,2:00 PM,Horacio Larreguy,,,,,,,,,,,,,,,,,,
GOV 1270,110842,Wednesday,12/18/2019,2:00 PM,Daniel Smith,,,,,,,,,,,,,,,,,,
GOV 1368,121728,Tuesday,12/17/2019,2:00 PM,Paul Peterson,,,,,,,,,,,,,,,,,,
GOV 1510,128024,Thursday,12/12/2019,2:00 PM,Richard Fallon,,,,,,,,,,,,,,,,,,
GOV 1734,160373,Saturday,12/14/2019,9:00 AM,Stephen Rosen,,,,,,,,,,,,,,,,,,
GOV 1780,111906,Wednesday,12/18/2019,2:00 PM,Jeffry Frieden,,,,,,,,,,,,,,,,,,
GOV 20,117853,Tuesday,12/17/2019,2:00 PM,George Soroka,,,,,,,,,,,,,,,,,,
GOV 2005,110953,Wednesday,12/18/2019,2:00 PM,William Clark,,,,,,,,,,,,,,,,,,
GOV 30,111813,Wednesday,12/18/2019,9:00 AM,Paul Peterson,,,,,,,,,,,,,,,,,,
GREEK 1,203024,Monday,12/16/2019,9:00 AM,Ivy Livingston,,,,,,,,,,,,,,,,,,
GREEK 10,203230,Wednesday,12/11/2019,9:00 AM,Ivy Livingston,,,,,,,,,,,,,,,,,,
GREEK 108,117421,Saturday,12/14/2019,9:00 AM,Gregory Mellen,,,,,,,,,,,,,,,,,,
GREEK 112A,112288,Tuesday,12/10/2019,9:00 AM,David Elmer,,,,,,,,,,,,,,,,,,
GREEK 2X,203260,Monday,12/16/2019,9:00 AM,Ivy Livingston,,,,,,,,,,,,,,,,,,
GREEK 3,203229,Monday,12/16/2019,9:00 AM,Ivy Livingston,,,,,,,,,,,,,,,,,,
GULLAH 101AR,206601,Saturday,12/14/2019,9:00 AM,John Mugane,,,,,,,,,,,,,,,,,,
GULLAH AA,206597,Saturday,12/14/2019,2:00 PM,John Mugane,,,,,,,,,,,,,,,,,,
GULLAH BA,206599,Saturday,12/14/2019,9:00 AM,John Mugane,,,,,,,,,,,,,,,,,,
HAITIAN 101AR,205856,Wednesday,12/11/2019,9:00 AM,John Mugane,,,,,,,,,,,,,,,,,,
HAITIAN AA,126306,Tuesday,12/10/2019,2:00 PM,John Mugane,,,,,,,,,,,,,,,,,,
HAITIAN BA,205848,Wednesday,12/18/2019,9:00 AM,John Mugane,,,,,,,,,,,,,,,,,,
HASSANIY AA,214369,Friday,12/13/2019,9:00 AM,John Mugane,,,,,,,,,,,,,,,,,,
HAUSA AA,126307,Friday,12/13/2019,2:00 PM,John Mugane,,,,,,,,,,,,,,,,,,
HEB 1280,202992,Wednesday,12/11/2019,2:00 PM,Richard Wrangham,,,,,,,,,,,,,,,,,,
HIST 1002,212669,Wednesday,12/18/2019,2:00 PM,Lisa McGirr,,,,,,,,,,,,,,,,,,
HIST 1004,207529,Saturday,12/14/2019,2:00 PM,Brandon Bloch,,,,,,,,,,,,,,,,,,
HIST 1023,142657,Tuesday,12/17/2019,9:00 AM,Andrew Gordon,,,,,,,,,,,,,,,,,,
HIST 1024,125049,Wednesday,12/11/2019,2:00 PM,Maya Jasanoff,,,,,,,,,,,,,,,,,,
HIST 1036,116237,Saturday,12/14/2019,9:00 AM,Sugata Bose,,,,,,,,,,,,,,,,,,
HIST 1265,110285,Tuesday,12/10/2019,9:00 AM,Alison Frank Johnson,,,,,,,,,,,,,,,,,,
HIST 1300,119533,Friday,12/13/2019,9:00 AM,James Hankins,,,,,,,,,,,,,,,,,,
HIST 1330,111490,Thursday,12/19/2019,9:00 AM,James Kloppenberg,,,,,,,,,,,,,,,,,,
HIST 1465,117932,Tuesday,12/10/2019,9:00 AM,Erez Manela,,,,,,,,,,,,,,,,,,
HIST 1700,124404,Tuesday,12/17/2019,2:00 PM,Emmanuel Akyeampong,,,,,,,,,,,,,,,,,,
HISTSCI 100,123398,Saturday,12/14/2019,9:00 AM,Alex Csiszar,,,,,,,,,,,,,,,,,,
HISTSCI 181,160334,Thursday,12/19/2019,2:00 PM,Matthew Hersch,,,,,,,,,,,,,,,,,,
HUMAN 10A,110440,Tuesday,12/10/2019,9:00 AM,Louis Menand,,,,,,,,,,,,,,,,,,
IGBO 101AR,205865,Tuesday,12/10/2019,2:00 PM,John Mugane,,,,,,,,,,,,,,,,,,
IGBO AA,126308,Wednesday,12/18/2019,2:00 PM,John Mugane,,,,,,,,,,,,,,,,,,
IGBO BA,205860,Tuesday,12/10/2019,2:00 PM,John Mugane,,,,,,,,,,,,,,,,,,
JAMAICAN AA,156750,Thursday,12/19/2019,9:00 AM,John Mugane,,,,,,,,,,,,,,,,,,
JAMAICAN BA,205863,Thursday,12/19/2019,2:00 PM,John Mugane,,,,,,,,,,,,,,,,,,
JAPAN 120A,159595,Monday,12/16/2019,9:00 AM,Naomi Asakura,,,,,,,,,,,,,,,,,,
JAPAN 130A,114292,Monday,12/16/2019,9:00 AM,Tomoko Graham,,,,,,,,,,,,,,,,,,
JAPAN 140A,113348,Monday,12/16/2019,9:00 AM,Ikue Shingu,,,,,,,,,,,,,,,,,,
JAPAN BA,111193,Monday,12/16/2019,9:00 AM,Yuko Kageyama-Hunt,,,,,,,,,,,,,,,,,,
KAMBA AA,206920,Tuesday,12/17/2019,9:00 AM,John Mugane,,,,,,,,,,,,,,,,,,
KOREAN 120A,117220,Monday,12/16/2019,9:00 AM,Joungmok Lee,,,,,,,,,,,,,,,,,,
KOREAN BA,124296,Monday,12/16/2019,9:00 AM,Hi-Sun Kim,,,,,,,,,,,,,,,,,,
KOREAN BX,114383,Monday,12/16/2019,9:00 AM,Hi-Sun Kim,,,,,,,,,,,,,,,,,,
LATIN 1,203025,Monday,12/16/2019,9:00 AM,Ivy Livingston,,,,,,,,,,,,,,,,,,
LATIN 10,203228,Wednesday,12/18/2019,2:00 PM,Ivy Livingston,,,,,,,,,,,,,,,,,,
LATIN 117,110614,Thursday,12/19/2019,9:00 AM,Rachel Love,,,,,,,,,,,,,,,,,,
LATIN 201,117068,Wednesday,12/11/2019,2:00 PM,Gregory Mellen,,,,,,,,,,,,,,,,,,
LATIN 2X,203258,Monday,12/16/2019,9:00 AM,Ivy Livingston,,,,,,,,,,,,,,,,,,
LATIN 3,203227,Monday,12/16/2019,9:00 AM,Ivy Livingston,,,,,,,,,,,,,,,,,,
LATIN AX,122177,Monday,12/16/2019,9:00 AM,Ivy Livingston,,,,,,,,,,,,,,,,,,
LATIN H,135062,Monday,12/16/2019,9:00 AM,Rachel Love,,,,,,,,,,,,,,,,,,
LIFESCI 1A,121189,Thursday,12/12/2019,9:00 AM,Richard Losick,,,,,,,,,,,,,,,,,,
LIFESCI 2,123674,Friday,12/13/2019,9:00 AM,Daniel Lieberman,,,,,,,,,,,,,,,,,,
LIFESCI 50A,159706,Wednesday,12/11/2019,2:00 PM,Andrew Murray,,,,,,,,,,,,,,,,,,
LING 104,125790,Friday,12/13/2019,9:00 AM,Jonathan Bobaljik,,,,,,,,,,,,,,,,,,
LING 105,111954,Thursday,12/12/2019,2:00 PM,Kevin Ryan,,,,,,,,,,,,,,,,,,
LING 173,113738,Wednesday,12/18/2019,2:00 PM,Wesley Jacobsen,,,,,,,,,,,,,,,,,,
LING 250,123710,Tuesday,12/17/2019,2:00 PM,Michael Flier,,,,,,,,,,,,,,,,,,
LING 83,122514,Wednesday,12/11/2019,2:00 PM,Kathryn Davidson,,,,,,,,,,,,,,,,,,
LPS A,123833,Wednesday,12/11/2019,9:00 AM,Gregory C. Tucci,,,,,,,,,,,,,,,,,,
MANCHU A,124837,Thursday,12/19/2019,2:00 PM,Mark Elliott,,,,,,,,,,,,,,,,,,
MATH 131,111458,Tuesday,12/17/2019,9:00 AM,Denis Auroux,,,,,,,,,,,,,,,,,,
MATH 18A,125396,Saturday,12/14/2019,9:00 AM,Drew Zemke,,,,,,,,,,,,,,,,,,
MATH 1A,123680,Friday,12/13/2019,2:00 PM,Jill Guerra,,,,,,,,,,,,,,,,,,
MATH 1B,111010,Friday,12/13/2019,2:00 PM,Hakim Walker,,,,,,,,,,,,,,,,,,
MATH 21A,119196,Friday,12/13/2019,2:00 PM,Oliver Knill,,,,,,,,,,,,,,,,,,
MATH 21B,110989,Friday,12/13/2019,2:00 PM,Matthew Demers,,,,,,,,,,,,,,,,,,
MATH 22A,207485,Friday,12/13/2019,9:00 AM,Dusty Grundmeier,,,,,,,,,,,,,,,,,,
MATH 23A,111695,Saturday,12/14/2019,2:00 PM,Paul Bamberg,,,,,,,,,,,,,,,,,,
MATH 25A,110808,Wednesday,12/11/2019,9:00 AM,John Cain,,,,,,,,,,,,,,,,,,
MATH MA,111161,Friday,12/13/2019,2:00 PM,Brendan Kelly,,,,,,,,,,,,,,,,,,
MCB 148,159880,Wednesday,12/18/2019,2:00 PM,Ryan W. Draft,,,,,,,,,,,,,,,,,,
MCB 169,111720,Tuesday,12/10/2019,9:00 AM,Shiv Pillai,,,,,,,,,,,,,,,,,,
MCB 80,117711,Wednesday,12/11/2019,2:00 PM,Venkatesh Murthy,,,,,,,,,,,,,,,,,,
MOD-HEB 120A,110947,Wednesday,12/11/2019,2:00 PM,Irit Aharony,,,,,,,,,,,,,,,,,,
MOD-HEB BA,114218,Wednesday,12/11/2019,9:00 AM,Irit Aharony,,,,,,,,,,,,,,,,,,
NEURO 148,207607,Wednesday,12/18/2019,2:00 PM,Ryan W. Draft,,,,,,,,,,,,,,,,,,
NEURO 80,207476,Wednesday,12/11/2019,2:00 PM,Venkatesh Murthy,,,,,,,,,,,,,,,,,,
OEB 10,144594,Wednesday,12/11/2019,2:00 PM,Brian Farrell,,,,,,,,,,,,,,,,,,
OEB 114,142192,Wednesday,12/11/2019,9:00 AM,David Haig,,,,,,,,,,,,,,,,,,
OEB 145,145857,Wednesday,12/18/2019,2:00 PM,Yun Zhang,,,,,,,,,,,,,,,,,,
OEB 56,130331,Wednesday,12/11/2019,2:00 PM,Andrew Knoll,,,,,,,,,,,,,,,,,,
PHIL 108,205352,Wednesday,12/11/2019,2:00 PM,Jacob Rosen,,,,,,,,,,,,,,,,,,
PHIL 120,111716,Thursday,12/19/2019,2:00 PM,Jeffrey McDonough,,,,,,,,,,,,,,,,,,
PHIL 173,156024,Thursday,12/19/2019,9:00 AM,Selim Berker,,,,,,,,,,,,,,,,,,
PHIL 18,141608,Saturday,12/14/2019,9:00 AM,Seth Robertson,,,,,,,,,,,,,,,,,,
PHIL 3,111175,Wednesday,12/11/2019,2:00 PM,Bernhard Nickel,,,,,,,,,,,,,,,,,,
PHYSCI 2,122575,Thursday,12/19/2019,2:00 PM,Gregory Kestin,,,,,,,,,,,,,,,,,,
PHYSICS 123,124108,Thursday,12/12/2019,9:00 AM,Thomas Hayes,,,,,,,,,,,,,,,,,,
PHYSICS 143A,108465,Tuesday,12/10/2019,9:00 AM,Girma Hailu,,,,,,,,,,,,,,,,,,
PHYSICS 151,111231,Thursday,12/19/2019,9:00 AM,Masahiro Morii,,,,,,,,,,,,,,,,,,
PHYSICS 15A,111164,Thursday,12/19/2019,9:00 AM,David Morin,,,,,,,,,,,,,,,,,,
PHYSICS 15B,111896,Thursday,12/19/2019,9:00 AM,Philip Kim,,,,,,,,,,,,,,,,,,
PHYSICS 15C,124154,Wednesday,12/11/2019,2:00 PM,Melissa Franklin,,,,,,,,,,,,,,,,,,
PHYSICS 195,112107,Wednesday,12/18/2019,2:00 PM,Julia Mundy,,,,,,,,,,,,,,,,,,
PHYSICS 223,109346,Thursday,12/12/2019,9:00 AM,Thomas Hayes,,,,,,,,,,,,,,,,,,
PHYSICS 262,110526,Friday,12/13/2019,9:00 AM,David R. Nelson,,,,,,,,,,,,,,,,,,
PSY 1201,122224,Friday,12/13/2019,9:00 AM,Scott Lukas,,,,,,,,,,,,,,,,,,
PSY 1305,156054,Tuesday,12/10/2019,9:00 AM,Max Krasnow,,,,,,,,,,,,,,,,,,
PSY 1309,207573,Friday,12/13/2019,9:00 AM,Talia Konkle,,,,,,,,,,,,,,,,,,
PSY 14,126551,Friday,12/13/2019,9:00 AM,Daniel Schacter,,,,,,,,,,,,,,,,,,
PSY 1454,156569,Saturday,12/14/2019,2:00 PM,George Alvarez,,,,,,,,,,,,,,,,,,
PSY 1585,207887,Thursday,12/19/2019,2:00 PM,Joseph Vitriol,,,,,,,,,,,,,,,,,,
PSY 18,123973,Tuesday,12/10/2019,2:00 PM,Joshua Buckholtz,,,,,,,,,,,,,,,,,,
PULAAR AA,206946,Tuesday,12/17/2019,2:00 PM,John Mugane,,,,,,,,,,,,,,,,,,
RUSS 101,120717,Tuesday,12/17/2019,9:00 AM,Veronika Egorova,,,,,,,,,,,,,,,,,,
RUSS 111,110859,Saturday,12/14/2019,9:00 AM,Natalia Pokrovsky,,,,,,,,,,,,,,,,,,
RUSS 113,127533,Wednesday,12/11/2019,2:00 PM,Natalia Pokrovsky,,,,,,,,,,,,,,,,,,
RUSS AAB,113925,Monday,12/16/2019,9:00 AM,Natalia Chirkov,,,,,,,,,,,,,,,,,,
SANSKRIT 101A,123045,Friday,12/13/2019,9:00 AM,Nell Hawley,,,,,,,,,,,,,,,,,,
SANSKRIT 102AR,114270,Wednesday,12/11/2019,9:00 AM,Nell Hawley,,,,,,,,,,,,,,,,,,
SCRB 10,125800,Wednesday,12/18/2019,2:00 PM,William Anderson,,,,,,,,,,,,,,,,,,
SHBT 201,108213,Thursday,12/19/2019,2:00 PM,M. Liberman,,,,,,,,,,,,,,,,,,
SHONA 101AR,205982,Friday,12/13/2019,9:00 AM,John Mugane,,,,,,,,,,,,,,,,,,
SLAVIC 138,213422,Thursday,12/12/2019,9:00 AM,Michael Flier,,,,,,,,,,,,,,,,,,
SOMALI 101AR,206590,Saturday,12/14/2019,9:00 AM,John Mugane,,,,,,,,,,,,,,,,,,
SOMALI AA,206574,Friday,12/13/2019,2:00 PM,John Mugane,,,,,,,,,,,,,,,,,,
SOMALI BA,206582,Saturday,12/14/2019,9:00 AM,John Mugane,,,,,,,,,,,,,,,,,,
STAT 104,114027,Tuesday,12/10/2019,9:00 AM,Michael Parzen,,,,,,,,,,,,,,,,,,
STAT 110,110766,Saturday,12/14/2019,9:00 AM,Joseph Blitzstein,,,,,,,,,,,,,,,,,,
STAT 131,117131,Thursday,12/19/2019,2:00 PM,Natesh Pillai,,,,,,,,,,,,,,,,,,
STAT 210,111696,Wednesday,12/18/2019,9:00 AM,Joseph Blitzstein,,,,,,,,,,,,,,,,,,
STAT 230,119940,Monday,12/16/2019,2:00 PM,S. C. Samuel Kou,,,,,,,,,,,,,,,,,,
STAT 244,127856,Wednesday,12/11/2019,9:00 AM,Mark Glickman,,,,,,,,,,,,,,,,,,
SUDANESE 101AR,205872,Wednesday,12/18/2019,2:00 PM,John Mugane,,,,,,,,,,,,,,,,,,
SUDANESE BA,205886,Wednesday,12/11/2019,9:00 AM,John Mugane,,,,,,,,,,,,,,,,,,
SWAHILI 101AR,119820,Thursday,12/19/2019,2:00 PM,John Mugane,,,,,,,,,,,,,,,,,,
SWAHILI AA,119819,Wednesday,12/11/2019,2:00 PM,John Mugane,,,,,,,,,,,,,,,,,,
SWAHILI BA,144184,Tuesday,12/10/2019,2:00 PM,John Mugane,,,,,,,,,,,,,,,,,,
SYRIAC AB,213622,Wednesday,12/11/2019,2:00 PM,Ute Possekel,,,,,,,,,,,,,,,,,,
TDM 130R,123080,Thursday,12/19/2019,9:00 AM,Marcus Stern,,,,,,,,,,,,,,,,,,
TIBET 101A,113685,Tuesday,12/17/2019,2:00 PM,Leonard van der Kuijp,,,,,,,,,,,,,,,,,,
TIBET 102A,116075,Wednesday,12/11/2019,2:00 PM,Leonard van der Kuijp,,,,,,,,,,,,,,,,,,
TIGRINYA 101AR,205875,Wednesday,12/11/2019,9:00 AM,John Mugane,,,,,,,,,,,,,,,,,,
TIGRINYA AA,126313,Tuesday,12/10/2019,2:00 PM,John Mugane,,,,,,,,,,,,,,,,,,
TIGRINYA BA,205887,Wednesday,12/11/2019,2:00 PM,John Mugane,,,,,,,,,,,,,,,,,,
TWI 101AR,120948,Wednesday,12/18/2019,2:00 PM,John Mugane,,,,,,,,,,,,,,,,,,
TWI AA,120944,Friday,12/13/2019,9:00 AM,John Mugane,,,,,,,,,,,,,,,,,,
TWI BA,120947,Tuesday,12/10/2019,2:00 PM,John Mugane,,,,,,,,,,,,,,,,,,
UKRA AA,116414,Wednesday,12/11/2019,2:00 PM,Volodymyr Dibrova,,,,,,,,,,,,,,,,,,
WSTAFRCN 101AR,205877,Wednesday,12/11/2019,9:00 AM,John Mugane,,,,,,,,,,,,,,,,,,
WSTAFRCN AA,204110,Tuesday,12/10/2019,2:00 PM,John Mugane,,,,,,,,,,,,,,,,,,
WSTAFRCN BA,205888,Wednesday,12/11/2019,2:00 PM,John Mugane,,,,,,,,,,,,,,,,,,
YORUBA 101AR,120954,Tuesday,12/17/2019,9:00 AM,John Mugane,,,,,,,,,,,,,,,,,,
YORUBA 101BR,120955,Tuesday,12/17/2019,2:00 PM,John Mugane,,,,,,,,,,,,,,,,,,
YORUBA AA,120952,Monday,12/16/2019,2:00 PM,John Mugane,,,,,,,,,,,,,,,,,,
YORUBA BA,120953,Monday,12/16/2019,2:00 PM,John Mugane,,,,,,,,,,,,,,,,,,
ZULU 101AR,205879,Wednesday,12/11/2019,9:00 AM,John Mugane,,,,,,,,,,,,,,,,,,
ZULU AA,126316,Saturday,12/14/2019,9:00 AM,John Mugane,,,,,,,,,,,,,,,,,,
ZULU BA,205889,Wednesday,12/11/2019,2:00 PM,John Mugane,,,,,,,,,,,,,,,,,,
